pair_id,image_1,image_2,verdict,notes
PAIR-0001,manual_audit_assets/PAIR-0001_1.jpg,manual_audit_assets/PAIR-0001_2.jpg,duplicate,
PAIR-0002,manual_audit_assets/PAIR-0002_1.jpg,manual_audit_assets/PAIR-0002_2.jpg,duplicate,
PAIR-0003,manual_audit_assets/PAIR-0003_1.jpg,manual_audit_assets/PAIR-0003_2.jpg,non-duplicate,
PAIR-0004,manual_audit_assets/PAIR-0004_1.jpg,manual_audit_assets/PAIR-0004_2.jpg,duplicate,
PAIR-0005,manual_audit_assets/PAIR-0005_1.jpg,manual_audit_assets/PAIR-0005_2.jpg,non-duplicate,
PAIR-0006,manual_audit_assets/PAIR-0006_1.jpg,manual_audit_assets/PAIR-0006_2.jpg,non-duplicate,
PAIR-0007,manual_audit_assets/PAIR-0007_1.jpg,manual_audit_assets/PAIR-0007_2.jpg,duplicate,
PAIR-0008,manual_audit_assets/PAIR-0008_1.jpg,manual_audit_assets/PAIR-0008_2.jpg,duplicate,
PAIR-0009,manual_audit_assets/PAIR-0009_1.jpg,manual_audit_assets/PAIR-0009_2.jpg,duplicate,
PAIR-0010,manual_audit_assets/PAIR-0010_1.jpg,manual_audit_assets/PAIR-0010_2.jpg,non-duplicate,
PAIR-0011,manual_audit_assets/PAIR-0011_1.jpg,manual_audit_assets/PAIR-0011_2.jpg,duplicate,
PAIR-0012,manual_audit_assets/PAIR-0012_1.jpg,manual_audit_assets/PAIR-0012_2.jpg,non-duplicate,
PAIR-0013,manual_audit_assets/PAIR-0013_1.jpg,manual_audit_assets/PAIR-0013_2.jpg,duplicate,
PAIR-0014,manual_audit_assets/PAIR-0014_1.jpg,manual_audit_assets/PAIR-0014_2.jpg,duplicate,
PAIR-0015,manual_audit_assets/PAIR-0015_1.jpg,manual_audit_assets/PAIR-0015_2.jpg,duplicate,
PAIR-0016,manual_audit_assets/PAIR-0016_1.jpg,manual_audit_assets/PAIR-0016_2.jpg,duplicate,
PAIR-0017,manual_audit_assets/PAIR-0017_1.jpg,manual_audit_assets/PAIR-0017_2.jpg,duplicate,
PAIR-0018,manual_audit_assets/PAIR-0018_1.jpg,manual_audit_assets/PAIR-0018_2.jpg,non-duplicate,
PAIR-0019,manual_audit_assets/PAIR-0019_1.jpg,manual_audit_assets/PAIR-0019_2.jpg,duplicate,
PAIR-0020,manual_audit_assets/PAIR-0020_1.jpg,manual_audit_assets/PAIR-0020_2.jpg,duplicate,
PAIR-0021,manual_audit_assets/PAIR-0021_1.jpg,manual_audit_assets/PAIR-0021_2.jpg,duplicate,
PAIR-0022,manual_audit_assets/PAIR-0022_1.jpg,manual_audit_assets/PAIR-0022_2.jpg,non-duplicate,
PAIR-0023,manual_audit_assets/PAIR-0023_1.jpg,manual_audit_assets/PAIR-0023_2.jpg,non-duplicate,
PAIR-0024,manual_audit_assets/PAIR-0024_1.jpg,manual_audit_assets/PAIR-0024_2.jpg,duplicate,
PAIR-0025,manual_audit_assets/PAIR-0025_1.jpg,manual_audit_assets/PAIR-0025_2.jpg,non-duplicate,
PAIR-0026,manual_audit_assets/PAIR-0026_1.jpg,manual_audit_assets/PAIR-0026_2.jpg,duplicate,
PAIR-0027,manual_audit_assets/PAIR-0027_1.jpg,manual_audit_assets/PAIR-0027_2.jpg,duplicate,
PAIR-0028,manual_audit_assets/PAIR-0028_1.jpg,manual_audit_assets/PAIR-0028_2.jpg,duplicate,
PAIR-0029,manual_audit_assets/PAIR-0029_1.jpg,manual_audit_assets/PAIR-0029_2.jpg,duplicate,
PAIR-0030,manual_audit_assets/PAIR-0030_1.jpg,manual_audit_assets/PAIR-0030_2.jpg,duplicate,
PAIR-0031,manual_audit_assets/PAIR-0031_1.jpg,manual_audit_assets/PAIR-0031_2.jpg,duplicate,
PAIR-0032,manual_audit_assets/PAIR-0032_1.jpg,manual_audit_assets/PAIR-0032_2.jpg,duplicate,
PAIR-0033,manual_audit_assets/PAIR-0033_1.jpg,manual_audit_assets/PAIR-0033_2.jpg,non-duplicate,
PAIR-0034,manual_audit_assets/PAIR-0034_1.jpg,manual_audit_assets/PAIR-0034_2.jpg,duplicate,
PAIR-0035,manual_audit_assets/PAIR-0035_1.jpg,manual_audit_assets/PAIR-0035_2.jpg,duplicate,
PAIR-0036,manual_audit_assets/PAIR-0036_1.jpg,manual_audit_assets/PAIR-0036_2.jpg,duplicate,
PAIR-0037,manual_audit_assets/PAIR-0037_1.jpg,manual_audit_assets/PAIR-0037_2.jpg,non-duplicate,
PAIR-0038,manual_audit_assets/PAIR-0038_1.jpg,manual_audit_assets/PAIR-0038_2.jpg,non-duplicate,
PAIR-0039,manual_audit_assets/PAIR-0039_1.jpg,manual_audit_assets/PAIR-0039_2.jpg,duplicate,
PAIR-0040,manual_audit_assets/PAIR-0040_1.jpg,manual_audit_assets/PAIR-0040_2.jpg,duplicate,
PAIR-0041,manual_audit_assets/PAIR-0041_1.jpg,manual_audit_assets/PAIR-0041_2.jpg,duplicate,
PAIR-0042,manual_audit_assets/PAIR-0042_1.jpg,manual_audit_assets/PAIR-0042_2.jpg,non-duplicate,
PAIR-0043,manual_audit_assets/PAIR-0043_1.jpg,manual_audit_assets/PAIR-0043_2.jpg,duplicate,
PAIR-0044,manual_audit_assets/PAIR-0044_1.jpg,manual_audit_assets/PAIR-0044_2.jpg,non-duplicate,
PAIR-0045,manual_audit_assets/PAIR-0045_1.jpg,manual_audit_assets/PAIR-0045_2.jpg,duplicate,
PAIR-0046,manual_audit_assets/PAIR-0046_1.jpg,manual_audit_assets/PAIR-0046_2.jpg,duplicate,
PAIR-0047,manual_audit_assets/PAIR-0047_1.jpg,manual_audit_assets/PAIR-0047_2.jpg,duplicate,
PAIR-0048,manual_audit_assets/PAIR-0048_1.jpg,manual_audit_assets/PAIR-0048_2.jpg,non-duplicate,
PAIR-0049,manual_audit_assets/PAIR-0049_1.jpg,manual_audit_assets/PAIR-0049_2.jpg,non-duplicate,
PAIR-0050,manual_audit_assets/PAIR-0050_1.jpg,manual_audit_assets/PAIR-0050_2.jpg,duplicate,
PAIR-0051,manual_audit_assets/PAIR-0051_1.jpg,manual_audit_assets/PAIR-0051_2.jpg,duplicate,
PAIR-0052,manual_audit_assets/PAIR-0052_1.jpg,manual_audit_assets/PAIR-0052_2.jpg,duplicate,
PAIR-0053,manual_audit_assets/PAIR-0053_1.jpg,manual_audit_assets/PAIR-0053_2.jpg,non-duplicate,
PAIR-0054,manual_audit_assets/PAIR-0054_1.jpg,manual_audit_assets/PAIR-0054_2.jpg,non-duplicate,
PAIR-0055,manual_audit_assets/PAIR-0055_1.jpg,manual_audit_assets/PAIR-0055_2.jpg,duplicate,
PAIR-0056,manual_audit_assets/PAIR-0056_1.jpg,manual_audit_assets/PAIR-0056_2.jpg,duplicate,
PAIR-0057,manual_audit_assets/PAIR-0057_1.jpg,manual_audit_assets/PAIR-0057_2.jpg,duplicate,
PAIR-0058,manual_audit_assets/PAIR-0058_1.jpg,manual_audit_assets/PAIR-0058_2.jpg,duplicate,
PAIR-0059,manual_audit_assets/PAIR-0059_1.jpg,manual_audit_assets/PAIR-0059_2.jpg,non-duplicate,
PAIR-0060,manual_audit_assets/PAIR-0060_1.jpg,manual_audit_assets/PAIR-0060_2.jpg,duplicate,
PAIR-0061,manual_audit_assets/PAIR-0061_1.jpg,manual_audit_assets/PAIR-0061_2.jpg,duplicate,
PAIR-0062,manual_audit_assets/PAIR-0062_1.jpg,manual_audit_assets/PAIR-0062_2.jpg,duplicate,
PAIR-0063,manual_audit_assets/PAIR-0063_1.jpg,manual_audit_assets/PAIR-0063_2.jpg,duplicate,
PAIR-0064,manual_audit_assets/PAIR-0064_1.jpg,manual_audit_assets/PAIR-0064_2.jpg,duplicate,
PAIR-0065,manual_audit_assets/PAIR-0065_1.jpg,manual_audit_assets/PAIR-0065_2.jpg,non-duplicate,
PAIR-0066,manual_audit_assets/PAIR-0066_1.jpg,manual_audit_assets/PAIR-0066_2.jpg,non-duplicate,
PAIR-0067,manual_audit_assets/PAIR-0067_1.jpg,manual_audit_assets/PAIR-0067_2.jpg,duplicate,
PAIR-0068,manual_audit_assets/PAIR-0068_1.jpg,manual_audit_assets/PAIR-0068_2.jpg,duplicate,
PAIR-0069,manual_audit_assets/PAIR-0069_1.jpg,manual_audit_assets/PAIR-0069_2.jpg,duplicate,
PAIR-0070,manual_audit_assets/PAIR-0070_1.jpg,manual_audit_assets/PAIR-0070_2.jpg,non-duplicate,
PAIR-0071,manual_audit_assets/PAIR-0071_1.jpg,manual_audit_assets/PAIR-0071_2.jpg,duplicate,
PAIR-0072,manual_audit_assets/PAIR-0072_1.jpg,manual_audit_assets/PAIR-0072_2.jpg,non-duplicate,
PAIR-0073,manual_audit_assets/PAIR-0073_1.jpg,manual_audit_assets/PAIR-0073_2.jpg,duplicate,
PAIR-0074,manual_audit_assets/PAIR-0074_1.jpg,manual_audit_assets/PAIR-0074_2.jpg,duplicate,
PAIR-0075,manual_audit_assets/PAIR-0075_1.jpg,manual_audit_assets/PAIR-0075_2.jpg,duplicate,
PAIR-0076,manual_audit_assets/PAIR-0076_1.jpg,manual_audit_assets/PAIR-0076_2.jpg,non-duplicate,
PAIR-0077,manual_audit_assets/PAIR-0077_1.jpg,manual_audit_assets/PAIR-0077_2.jpg,non-duplicate,
PAIR-0078,manual_audit_assets/PAIR-0078_1.jpg,manual_audit_assets/PAIR-0078_2.jpg,duplicate,
PAIR-0079,manual_audit_assets/PAIR-0079_1.jpg,manual_audit_assets/PAIR-0079_2.jpg,duplicate,
PAIR-0080,manual_audit_assets/PAIR-0080_1.jpg,manual_audit_assets/PAIR-0080_2.jpg,non-duplicate,
PAIR-0081,manual_audit_assets/PAIR-0081_1.jpg,manual_audit_assets/PAIR-0081_2.jpg,duplicate,
PAIR-0082,manual_audit_assets/PAIR-0082_1.jpg,manual_audit_assets/PAIR-0082_2.jpg,duplicate,
PAIR-0083,manual_audit_assets/PAIR-0083_1.jpg,manual_audit_assets/PAIR-0083_2.jpg,duplicate,
PAIR-0084,manual_audit_assets/PAIR-0084_1.jpg,manual_audit_assets/PAIR-0084_2.jpg,duplicate,
PAIR-0085,manual_audit_assets/PAIR-0085_1.jpg,manual_audit_assets/PAIR-0085_2.jpg,non-duplicate,
PAIR-0086,manual_audit_assets/PAIR-0086_1.jpg,manual_audit_assets/PAIR-0086_2.jpg,duplicate,
PAIR-0087,manual_audit_assets/PAIR-0087_1.jpg,manual_audit_assets/PAIR-0087_2.jpg,non-duplicate,
PAIR-0088,manual_audit_assets/PAIR-0088_1.jpg,manual_audit_assets/PAIR-0088_2.jpg,non-duplicate,
PAIR-0089,manual_audit_assets/PAIR-0089_1.jpg,manual_audit_assets/PAIR-0089_2.jpg,duplicate,
PAIR-0090,manual_audit_assets/PAIR-0090_1.jpg,manual_audit_assets/PAIR-0090_2.jpg,non-duplicate,
PAIR-0091,manual_audit_assets/PAIR-0091_1.jpg,manual_audit_assets/PAIR-0091_2.jpg,non-duplicate,
PAIR-0092,manual_audit_assets/PAIR-0092_1.jpg,manual_audit_assets/PAIR-0092_2.jpg,duplicate,
PAIR-0093,manual_audit_assets/PAIR-0093_1.jpg,manual_audit_assets/PAIR-0093_2.jpg,non-duplicate,
PAIR-0094,manual_audit_assets/PAIR-0094_1.jpg,manual_audit_assets/PAIR-0094_2.jpg,non-duplicate,
PAIR-0095,manual_audit_assets/PAIR-0095_1.jpg,manual_audit_assets/PAIR-0095_2.jpg,duplicate,
PAIR-0096,manual_audit_assets/PAIR-0096_1.jpg,manual_audit_assets/PAIR-0096_2.jpg,duplicate,
PAIR-0097,manual_audit_assets/PAIR-0097_1.jpg,manual_audit_assets/PAIR-0097_2.jpg,duplicate,
PAIR-0098,manual_audit_assets/PAIR-0098_1.jpg,manual_audit_assets/PAIR-0098_2.jpg,non-duplicate,
PAIR-0099,manual_audit_assets/PAIR-0099_1.jpg,manual_audit_assets/PAIR-0099_2.jpg,duplicate,
PAIR-0100,manual_audit_assets/PAIR-0100_1.jpg,manual_audit_assets/PAIR-0100_2.jpg,non-duplicate,
PAIR-0101,manual_audit_assets/PAIR-0101_1.jpg,manual_audit_assets/PAIR-0101_2.jpg,duplicate,
PAIR-0102,manual_audit_assets/PAIR-0102_1.jpg,manual_audit_assets/PAIR-0102_2.jpg,duplicate,
PAIR-0103,manual_audit_assets/PAIR-0103_1.jpg,manual_audit_assets/PAIR-0103_2.jpg,duplicate,
PAIR-0104,manual_audit_assets/PAIR-0104_1.jpg,manual_audit_assets/PAIR-0104_2.jpg,duplicate,
PAIR-0105,manual_audit_assets/PAIR-0105_1.jpg,manual_audit_assets/PAIR-0105_2.jpg,non-duplicate,
PAIR-0106,manual_audit_assets/PAIR-0106_1.jpg,manual_audit_assets/PAIR-0106_2.jpg,duplicate,
PAIR-0107,manual_audit_assets/PAIR-0107_1.jpg,manual_audit_assets/PAIR-0107_2.jpg,duplicate,
PAIR-0108,manual_audit_assets/PAIR-0108_1.jpg,manual_audit_assets/PAIR-0108_2.jpg,non-duplicate,
PAIR-0109,manual_audit_assets/PAIR-0109_1.jpg,manual_audit_assets/PAIR-0109_2.jpg,non-duplicate,
PAIR-0110,manual_audit_assets/PAIR-0110_1.jpg,manual_audit_assets/PAIR-0110_2.jpg,non-duplicate,
PAIR-0111,manual_audit_assets/PAIR-0111_1.jpg,manual_audit_assets/PAIR-0111_2.jpg,duplicate,
PAIR-0112,manual_audit_assets/PAIR-0112_1.jpg,manual_audit_assets/PAIR-0112_2.jpg,non-duplicate,
PAIR-0113,manual_audit_assets/PAIR-0113_1.jpg,manual_audit_assets/PAIR-0113_2.jpg,non-duplicate,
PAIR-0114,manual_audit_assets/PAIR-0114_1.jpg,manual_audit_assets/PAIR-0114_2.jpg,non-duplicate,
PAIR-0115,manual_audit_assets/PAIR-0115_1.jpg,manual_audit_assets/PAIR-0115_2.jpg,duplicate,
PAIR-0116,manual_audit_assets/PAIR-0116_1.jpg,manual_audit_assets/PAIR-0116_2.jpg,non-duplicate,
PAIR-0117,manual_audit_assets/PAIR-0117_1.jpg,manual_audit_assets/PAIR-0117_2.jpg,non-duplicate,
PAIR-0118,manual_audit_assets/PAIR-0118_1.jpg,manual_audit_assets/PAIR-0118_2.jpg,duplicate,
PAIR-0119,manual_audit_assets/PAIR-0119_1.jpg,manual_audit_assets/PAIR-0119_2.jpg,non-duplicate,
PAIR-0120,manual_audit_assets/PAIR-0120_1.jpg,manual_audit_assets/PAIR-0120_2.jpg,duplicate,
PAIR-0121,manual_audit_assets/PAIR-0121_1.jpg,manual_audit_assets/PAIR-0121_2.jpg,non-duplicate,
PAIR-0122,manual_audit_assets/PAIR-0122_1.jpg,manual_audit_assets/PAIR-0122_2.jpg,duplicate,
PAIR-0123,manual_audit_assets/PAIR-0123_1.jpg,manual_audit_assets/PAIR-0123_2.jpg,duplicate,
PAIR-0124,manual_audit_assets/PAIR-0124_1.jpg,manual_audit_assets/PAIR-0124_2.jpg,non-duplicate,
PAIR-0125,manual_audit_assets/PAIR-0125_1.jpg,manual_audit_assets/PAIR-0125_2.jpg,non-duplicate,
PAIR-0126,manual_audit_assets/PAIR-0126_1.jpg,manual_audit_assets/PAIR-0126_2.jpg,non-duplicate,
PAIR-0127,manual_audit_assets/PAIR-0127_1.jpg,manual_audit_assets/PAIR-0127_2.jpg,non-duplicate,
PAIR-0128,manual_audit_assets/PAIR-0128_1.jpg,manual_audit_assets/PAIR-0128_2.jpg,non-duplicate,
PAIR-0129,manual_audit_assets/PAIR-0129_1.jpg,manual_audit_assets/PAIR-0129_2.jpg,duplicate,
PAIR-0130,manual_audit_assets/PAIR-0130_1.jpg,manual_audit_assets/PAIR-0130_2.jpg,duplicate,
PAIR-0131,manual_audit_assets/PAIR-0131_1.jpg,manual_audit_assets/PAIR-0131_2.jpg,duplicate,
PAIR-0132,manual_audit_assets/PAIR-0132_1.jpg,manual_audit_assets/PAIR-0132_2.jpg,non-duplicate,
PAIR-0133,manual_audit_assets/PAIR-0133_1.jpg,manual_audit_assets/PAIR-0133_2.jpg,duplicate,
PAIR-0134,manual_audit_assets/PAIR-0134_1.jpg,manual_audit_assets/PAIR-0134_2.jpg,non-duplicate,
PAIR-0135,manual_audit_assets/PAIR-0135_1.jpg,manual_audit_assets/PAIR-0135_2.jpg,non-duplicate,
PAIR-0136,manual_audit_assets/PAIR-0136_1.jpg,manual_audit_assets/PAIR-0136_2.jpg,non-duplicate,
PAIR-0137,manual_audit_assets/PAIR-0137_1.jpg,manual_audit_assets/PAIR-0137_2.jpg,non-duplicate,
PAIR-0138,manual_audit_assets/PAIR-0138_1.jpg,manual_audit_assets/PAIR-0138_2.jpg,duplicate,
PAIR-0139,manual_audit_assets/PAIR-0139_1.jpg,manual_audit_assets/PAIR-0139_2.jpg,duplicate,
PAIR-0140,manual_audit_assets/PAIR-0140_1.jpg,manual_audit_assets/PAIR-0140_2.jpg,duplicate,
PAIR-0141,manual_audit_assets/PAIR-0141_1.jpg,manual_audit_assets/PAIR-0141_2.jpg,duplicate,
PAIR-0142,manual_audit_assets/PAIR-0142_1.jpg,manual_audit_assets/PAIR-0142_2.jpg,duplicate,
PAIR-0143,manual_audit_assets/PAIR-0143_1.jpg,manual_audit_assets/PAIR-0143_2.jpg,duplicate,
PAIR-0144,manual_audit_assets/PAIR-0144_1.jpg,manual_audit_assets/PAIR-0144_2.jpg,non-duplicate,
PAIR-0145,manual_audit_assets/PAIR-0145_1.jpg,manual_audit_assets/PAIR-0145_2.jpg,non-duplicate,
PAIR-0146,manual_audit_assets/PAIR-0146_1.jpg,manual_audit_assets/PAIR-0146_2.jpg,duplicate,
PAIR-0147,manual_audit_assets/PAIR-0147_1.jpg,manual_audit_assets/PAIR-0147_2.jpg,duplicate,
PAIR-0148,manual_audit_assets/PAIR-0148_1.jpg,manual_audit_assets/PAIR-0148_2.jpg,non-duplicate,
PAIR-0149,manual_audit_assets/PAIR-0149_1.jpg,manual_audit_assets/PAIR-0149_2.jpg,duplicate,
PAIR-0150,manual_audit_assets/PAIR-0150_1.jpg,manual_audit_assets/PAIR-0150_2.jpg,duplicate,
PAIR-0151,manual_audit_assets/PAIR-0151_1.jpg,manual_audit_assets/PAIR-0151_2.jpg,non-duplicate,
PAIR-0152,manual_audit_assets/PAIR-0152_1.jpg,manual_audit_assets/PAIR-0152_2.jpg,duplicate,
PAIR-0153,manual_audit_assets/PAIR-0153_1.jpg,manual_audit_assets/PAIR-0153_2.jpg,duplicate,
PAIR-0154,manual_audit_assets/PAIR-0154_1.jpg,manual_audit_assets/PAIR-0154_2.jpg,non-duplicate,
PAIR-0155,manual_audit_assets/PAIR-0155_1.jpg,manual_audit_assets/PAIR-0155_2.jpg,duplicate,
PAIR-0156,manual_audit_assets/PAIR-0156_1.jpg,manual_audit_assets/PAIR-0156_2.jpg,non-duplicate,
PAIR-0157,manual_audit_assets/PAIR-0157_1.jpg,manual_audit_assets/PAIR-0157_2.jpg,non-duplicate,
PAIR-0158,manual_audit_assets/PAIR-0158_1.jpg,manual_audit_assets/PAIR-0158_2.jpg,duplicate,
PAIR-0159,manual_audit_assets/PAIR-0159_1.jpg,manual_audit_assets/PAIR-0159_2.jpg,duplicate,
PAIR-0160,manual_audit_assets/PAIR-0160_1.jpg,manual_audit_assets/PAIR-0160_2.jpg,duplicate,
PAIR-0161,manual_audit_assets/PAIR-0161_1.jpg,manual_audit_assets/PAIR-0161_2.jpg,duplicate,
PAIR-0162,manual_audit_assets/PAIR-0162_1.jpg,manual_audit_assets/PAIR-0162_2.jpg,duplicate,
PAIR-0163,manual_audit_assets/PAIR-0163_1.jpg,manual_audit_assets/PAIR-0163_2.jpg,duplicate,
PAIR-0164,manual_audit_assets/PAIR-0164_1.jpg,manual_audit_assets/PAIR-0164_2.jpg,non-duplicate,
PAIR-0165,manual_audit_assets/PAIR-0165_1.jpg,manual_audit_assets/PAIR-0165_2.jpg,duplicate,
PAIR-0166,manual_audit_assets/PAIR-0166_1.jpg,manual_audit_assets/PAIR-0166_2.jpg,non-duplicate,
PAIR-0167,manual_audit_assets/PAIR-0167_1.jpg,manual_audit_assets/PAIR-0167_2.jpg,duplicate,
PAIR-0168,manual_audit_assets/PAIR-0168_1.jpg,manual_audit_assets/PAIR-0168_2.jpg,non-duplicate,
PAIR-0169,manual_audit_assets/PAIR-0169_1.jpg,manual_audit_assets/PAIR-0169_2.jpg,non-duplicate,
PAIR-0170,manual_audit_assets/PAIR-0170_1.jpg,manual_audit_assets/PAIR-0170_2.jpg,duplicate,
PAIR-0171,manual_audit_assets/PAIR-0171_1.jpg,manual_audit_assets/PAIR-0171_2.jpg,non-duplicate,
PAIR-0172,manual_audit_assets/PAIR-0172_1.jpg,manual_audit_assets/PAIR-0172_2.jpg,non-duplicate,
PAIR-0173,manual_audit_assets/PAIR-0173_1.jpg,manual_audit_assets/PAIR-0173_2.jpg,duplicate,
PAIR-0174,manual_audit_assets/PAIR-0174_1.jpg,manual_audit_assets/PAIR-0174_2.jpg,non-duplicate,
PAIR-0175,manual_audit_assets/PAIR-0175_1.jpg,manual_audit_assets/PAIR-0175_2.jpg,duplicate,
PAIR-0176,manual_audit_assets/PAIR-0176_1.jpg,manual_audit_assets/PAIR-0176_2.jpg,non-duplicate,
PAIR-0177,manual_audit_assets/PAIR-0177_1.jpg,manual_audit_assets/PAIR-0177_2.jpg,duplicate,
PAIR-0178,manual_audit_assets/PAIR-0178_1.jpg,manual_audit_assets/PAIR-0178_2.jpg,duplicate,
PAIR-0179,manual_audit_assets/PAIR-0179_1.jpg,manual_audit_assets/PAIR-0179_2.jpg,duplicate,
PAIR-0180,manual_audit_assets/PAIR-0180_1.jpg,manual_audit_assets/PAIR-0180_2.jpg,non-duplicate,
PAIR-0181,manual_audit_assets/PAIR-0181_1.jpg,manual_audit_assets/PAIR-0181_2.jpg,duplicate,
PAIR-0182,manual_audit_assets/PAIR-0182_1.jpg,manual_audit_assets/PAIR-0182_2.jpg,duplicate,
PAIR-0183,manual_audit_assets/PAIR-0183_1.jpg,manual_audit_assets/PAIR-0183_2.jpg,duplicate,
PAIR-0184,manual_audit_assets/PAIR-0184_1.jpg,manual_audit_assets/PAIR-0184_2.jpg,non-duplicate,
PAIR-0185,manual_audit_assets/PAIR-0185_1.jpg,manual_audit_assets/PAIR-0185_2.jpg,duplicate,
PAIR-0186,manual_audit_assets/PAIR-0186_1.jpg,manual_audit_assets/PAIR-0186_2.jpg,duplicate,
PAIR-0187,manual_audit_assets/PAIR-0187_1.jpg,manual_audit_assets/PAIR-0187_2.jpg,duplicate,
PAIR-0188,manual_audit_assets/PAIR-0188_1.jpg,manual_audit_assets/PAIR-0188_2.jpg,non-duplicate,
PAIR-0189,manual_audit_assets/PAIR-0189_1.jpg,manual_audit_assets/PAIR-0189_2.jpg,non-duplicate,
PAIR-0190,manual_audit_assets/PAIR-0190_1.jpg,manual_audit_assets/PAIR-0190_2.jpg,duplicate,
PAIR-0191,manual_audit_assets/PAIR-0191_1.jpg,manual_audit_assets/PAIR-0191_2.jpg,duplicate,
PAIR-0192,manual_audit_assets/PAIR-0192_1.jpg,manual_audit_assets/PAIR-0192_2.jpg,non-duplicate,
PAIR-0193,manual_audit_assets/PAIR-0193_1.jpg,manual_audit_assets/PAIR-0193_2.jpg,non-duplicate,
PAIR-0194,manual_audit_assets/PAIR-0194_1.jpg,manual_audit_assets/PAIR-0194_2.jpg,non-duplicate,
PAIR-0195,manual_audit_assets/PAIR-0195_1.jpg,manual_audit_assets/PAIR-0195_2.jpg,duplicate,
PAIR-0196,manual_audit_assets/PAIR-0196_1.jpg,manual_audit_assets/PAIR-0196_2.jpg,non-duplicate,
PAIR-0197,manual_audit_assets/PAIR-0197_1.jpg,manual_audit_assets/PAIR-0197_2.jpg,non-duplicate,
PAIR-0198,manual_audit_assets/PAIR-0198_1.jpg,manual_audit_assets/PAIR-0198_2.jpg,non-duplicate,
PAIR-0199,manual_audit_assets/PAIR-0199_1.jpg,manual_audit_assets/PAIR-0199_2.jpg,duplicate,
PAIR-0200,manual_audit_assets/PAIR-0200_1.jpg,manual_audit_assets/PAIR-0200_2.jpg,duplicate,
