run_id,family,arm,seed,run_class,compute_profile_id,n_images,mIoU_disease_pts,mIoU_disease_ci95_lo,mIoU_disease_ci95_hi,mIoU_116_pts,mIoU_116_ci95_lo,mIoU_116_ci95_hi,mAcc_disease_pts,mAcc_disease_ci95_lo,mAcc_disease_ci95_hi,mAcc_116_pts,mAcc_116_ci95_lo,mAcc_116_ci95_hi,boundary_iou_pts,boundary_iou_ci95_lo,boundary_iou_ci95_hi,boundary_f1_pts,boundary_f1_ci95_lo,boundary_f1_ci95_hi
RUN-002,segnext-l,default,0,evidence,CP-02,1557,40.932058,38.039349,43.267075,41.371580,38.506272,43.692761,53.372544,51.025907,56.522141,53.743105,51.421437,56.875566,20.305570,19.247975,21.426900,33.756658,32.282267,35.291850
RUN-003,segnext-l,default,1,evidence,CP-02,1557,39.907237,36.955248,42.240145,40.351193,37.424205,42.675331,52.258370,49.702718,55.209191,52.640377,50.115793,55.572511,20.069226,19.042438,21.151714,33.429425,31.992688,34.917730
RUN-004,segnext-l,default,2,evidence,CP-02,1557,42.176466,38.798852,44.039917,42.605047,39.258433,44.459165,55.312596,52.417482,58.032586,55.667437,52.803556,58.371989,20.137924,19.129378,21.204310,33.524675,32.115298,34.989366
RUN-005,segnext-l,sanitized,0,evidence,CP-02,1557,40.186693,37.241397,42.848836,40.630602,37.709829,43.278712,52.649419,50.248077,56.194590,53.030049,50.653183,56.545724,19.975906,18.954688,21.060367,33.299862,31.868753,34.793166
RUN-006,segnext-l,sanitized,1,evidence,CP-02,1557,38.198309,35.644709,40.777720,38.659156,36.126625,41.226875,49.073783,46.728201,52.264241,49.489896,47.173892,52.658703,19.435931,18.442327,20.496566,32.546204,31.141447,34.020166
RUN-007,segnext-l,sanitized,2,evidence,CP-02,1557,39.211073,36.501876,41.544937,39.664646,36.982390,41.979703,51.822748,49.591314,55.143221,52.209270,50.002069,55.509092,20.120463,19.094282,21.203870,33.500475,32.065825,34.988767
RUN-008,segnext-l,sizectrl,0,evidence,CP-02,1557,41.900671,38.778407,44.177305,42.331634,39.235364,44.595411,55.066097,52.376286,57.970595,55.419959,52.754800,58.303388,20.342961,19.301967,21.449848,33.808311,32.358170,35.322973
RUN-009,segnext-l,sizectrl,1,evidence,CP-02,1557,39.354615,36.629642,41.909353,39.808571,37.101671,42.345198,50.751201,48.210820,53.659423,51.153505,48.640170,54.041744,19.710746,18.670011,20.805664,32.930621,31.465424,34.444848
RUN-010,segnext-l,sizectrl,2,evidence,CP-02,1557,39.774125,37.045917,42.414782,40.219363,37.512426,42.843377,53.082242,50.919201,56.683033,53.453530,51.311795,57.032900,20.469690,19.400223,21.587789,33.983137,32.496125,35.509798
RUN-011,deeplabv3plus-r101,default,0,evidence,CP-02,1557,31.651149,28.995516,33.664289,32.139294,29.512496,34.142589,44.094282,41.215568,46.781079,44.531160,41.687480,47.201493,13.549333,12.740028,14.401997,23.865104,22.600718,25.177877
RUN-012,deeplabv3plus-r101,sanitized,0,evidence,CP-02,1557,30.245493,27.790129,32.439525,30.747193,28.312538,32.928117,44.237444,41.758246,47.303975,44.672315,42.222362,47.714123,13.287255,12.539189,14.056431,23.457634,22.284129,24.648205
RUN-013,deeplabv3plus-r101,sizectrl,0,evidence,CP-02,1557,30.877226,28.506312,33.258329,31.369995,29.020956,33.744950,45.064773,42.485987,48.070524,45.491857,42.937036,48.473697,13.780579,12.952382,14.635999,24.223077,22.934235,25.534734
RUN-015,segnext-l,corrected,0,evidence,CP-02,1552,36.832926,33.593373,39.095530,37.300153,34.091983,39.550935,49.678576,46.549154,52.426844,50.080612,46.985775,52.814481,18.929977,17.895062,19.987769,31.833819,30.357610,33.316344
RUN-016,deeplabv3plus-r101,corrected,0,evidence,CP-02,1552,26.651860,24.053715,28.899379,27.169741,24.585774,29.402573,41.683396,39.140430,44.478724,42.123649,39.605901,44.910483,13.355921,12.566730,14.180482,23.564577,22.327610,24.838715
