run_id,family,arm,seed,axis,level,n_images,mIoU_disease_pts,mIoU_disease_ci95_lo,mIoU_disease_ci95_hi,mIoU_116_pts,mIoU_116_ci95_lo,mIoU_116_ci95_hi,boundary_f1_pts
RUN-002,segnext-l,default,0,overall,all,1557,40.932058,38.039349,43.267075,41.371580,38.506272,43.692761,33.756658
RUN-002,segnext-l,default,0,size,high,525,41.542904,38.228110,46.467705,41.930425,38.681090,46.848349,31.812494
RUN-002,segnext-l,default,0,size,low,504,27.855318,25.334332,31.973584,28.511559,26.067584,32.658842,36.383328
RUN-002,segnext-l,default,0,size,mid,528,41.321125,37.092136,44.243433,41.812699,37.647546,44.730868,34.783730
RUN-002,segnext-l,default,0,chr,high,536,42.262158,39.020316,46.763405,42.722009,39.549460,47.222171,34.331457
RUN-002,segnext-l,default,0,chr,low,503,27.177341,24.548456,30.652392,27.880181,25.312088,31.367628,34.521126
RUN-002,segnext-l,default,0,chr,mid,518,39.397372,35.865553,43.489330,39.861658,36.391169,43.959687,32.753892
RUN-002,segnext-l,default,0,edge,edge,762,40.787839,37.479209,44.237631,41.206306,37.946792,44.651939,33.868983
RUN-002,segnext-l,default,0,edge,interior,795,37.459889,33.713698,40.033933,37.969139,34.262329,40.532650,33.572250
RUN-002,segnext-l,default,0,frequency,high,880,27.531690,27.638057,34.306402,28.337514,28.496542,35.164809,34.394491
RUN-002,segnext-l,default,0,frequency,low,227,15.393139,14.092187,19.966418,16.308023,15.117904,21.008764,34.615471
RUN-002,segnext-l,default,0,frequency,mid,450,19.811996,19.097633,24.530921,20.719725,20.068665,25.513403,31.859279
RUN-003,segnext-l,default,1,overall,all,1557,39.907237,36.955248,42.240145,40.351193,37.424205,42.675331,33.429425
RUN-003,segnext-l,default,1,size,high,525,40.841444,36.674127,44.651652,41.225496,37.133382,45.038388,31.154370
RUN-003,segnext-l,default,1,size,low,504,27.649519,24.986166,31.406639,28.330550,25.753104,32.136283,36.520453
RUN-003,segnext-l,default,1,size,mid,528,39.851679,35.426929,42.170705,40.333238,35.971287,42.656840,34.715594
RUN-003,segnext-l,default,1,chr,high,536,41.346120,37.500982,45.660941,41.813761,38.022130,46.134316,32.880323
RUN-003,segnext-l,default,1,chr,low,503,27.703134,24.692638,30.858569,28.415476,25.480345,31.593750,35.170912
RUN-003,segnext-l,default,1,chr,mid,518,36.486395,33.444420,40.943375,36.971052,33.985316,41.417892,32.378935
RUN-003,segnext-l,default,1,edge,edge,762,39.254185,35.737540,42.333611,39.684809,36.214120,42.760065,33.648885
RUN-003,segnext-l,default,1,edge,interior,795,35.456541,32.391360,38.409134,35.968000,32.936407,38.922323,33.061957
RUN-003,segnext-l,default,1,frequency,high,880,24.891744,25.087804,31.006182,25.652054,25.882116,31.840683,34.052252
RUN-003,segnext-l,default,1,frequency,low,227,12.493893,11.222872,17.201721,13.378247,12.214233,18.233245,31.851002
RUN-003,segnext-l,default,1,frequency,mid,450,20.214844,19.530812,25.917661,21.101574,20.507271,26.908997,32.785719
RUN-004,segnext-l,default,2,overall,all,1557,42.176466,38.798852,44.039917,42.605047,39.258433,44.459165,33.524675
RUN-004,segnext-l,default,2,size,high,525,43.321966,39.538419,47.198848,43.714191,39.994330,47.586435,31.679345
RUN-004,segnext-l,default,2,size,low,504,29.589352,26.384735,33.035730,30.255917,27.131890,33.733325,35.412572
RUN-004,segnext-l,default,2,size,mid,528,38.872191,34.476240,41.487360,39.371825,35.035671,41.988825,34.873821
RUN-004,segnext-l,default,2,chr,high,536,44.652970,40.265126,48.800821,45.115025,40.784585,49.253592,33.963307
RUN-004,segnext-l,default,2,chr,low,503,27.116224,23.763583,29.969799,27.800664,24.510735,30.682376,34.165238
RUN-004,segnext-l,default,2,chr,mid,518,36.739132,33.524279,41.097828,37.217558,34.062993,41.573096,32.710286
RUN-004,segnext-l,default,2,edge,edge,762,42.462803,38.309832,45.225614,42.863068,38.768341,45.620860,33.973169
RUN-004,segnext-l,default,2,edge,interior,795,37.264846,33.666683,39.841047,37.779863,34.232209,40.343209,32.778265
RUN-004,segnext-l,default,2,frequency,high,880,25.281979,26.023046,32.232574,26.058457,26.849433,33.080162,34.519015
RUN-004,segnext-l,default,2,frequency,low,227,16.236824,14.700887,20.989878,17.088157,15.674148,21.961468,32.284982
RUN-004,segnext-l,default,2,frequency,mid,450,18.568039,18.073462,23.489128,19.446358,19.024865,24.442998,31.867544
RUN-005,segnext-l,sanitized,0,overall,all,1557,40.186693,37.241397,42.848836,40.630602,37.709829,43.278712,33.299862
RUN-005,segnext-l,sanitized,0,size,high,525,43.095220,38.549910,47.155678,43.483035,38.999115,47.541002,31.680036
RUN-005,segnext-l,sanitized,0,size,low,504,27.224397,24.689837,30.950135,27.903333,25.447755,31.666187,35.554059
RUN-005,segnext-l,sanitized,0,size,mid,528,40.464966,36.226533,43.067190,40.951052,36.770209,43.553249,34.177918
RUN-005,segnext-l,sanitized,0,chr,high,536,40.099974,36.933002,45.239031,40.584049,37.476780,45.716122,33.141910
RUN-005,segnext-l,sanitized,0,chr,low,503,29.561968,25.994413,32.192326,30.259408,26.776477,32.917100,34.605229
RUN-005,segnext-l,sanitized,0,chr,mid,518,36.122721,33.290353,40.385490,36.601834,33.834869,40.861309,32.344427
RUN-005,segnext-l,sanitized,0,edge,edge,762,40.080855,36.777826,43.454710,40.505788,37.250201,43.877169,34.095807
RUN-005,segnext-l,sanitized,0,edge,interior,795,37.758821,34.040601,40.611132,38.268912,34.606191,41.111547,31.966061
RUN-005,segnext-l,sanitized,0,frequency,high,880,26.564034,26.741445,32.915605,27.369357,27.594902,33.776783,34.104268
RUN-005,segnext-l,sanitized,0,frequency,low,227,13.640642,12.261503,19.330154,14.504619,13.246597,20.323777,32.136787
RUN-005,segnext-l,sanitized,0,frequency,mid,450,19.453614,18.700669,24.405097,20.338112,19.650586,25.383750,32.012001
RUN-006,segnext-l,sanitized,1,overall,all,1557,38.198309,35.644709,40.777720,38.659156,36.126625,41.226875,32.546204
RUN-006,segnext-l,sanitized,1,size,high,525,37.969113,35.102075,43.042846,38.390999,35.592962,43.461892,30.341315
RUN-006,segnext-l,sanitized,1,size,low,504,26.296582,23.892825,29.621246,26.988867,24.662343,30.348290,35.138299
RUN-006,segnext-l,sanitized,1,size,mid,528,39.556496,35.182979,41.993669,40.043380,35.727104,42.486697,34.105820
RUN-006,segnext-l,sanitized,1,chr,high,536,38.976096,36.860552,44.708094,39.453977,37.401613,45.184665,32.744803
RUN-006,segnext-l,sanitized,1,chr,low,503,28.000183,24.784236,30.465732,28.701612,25.558841,31.201291,33.912766
RUN-006,segnext-l,sanitized,1,chr,mid,518,35.015102,32.010195,39.008664,35.510963,32.563439,39.516354,31.337956
RUN-006,segnext-l,sanitized,1,edge,edge,762,38.163083,35.206052,41.368675,38.606209,35.686298,41.799888,33.119576
RUN-006,segnext-l,sanitized,1,edge,interior,795,36.109232,32.446305,38.889128,36.625808,33.004580,39.401358,31.564756
RUN-006,segnext-l,sanitized,1,frequency,high,880,26.264947,26.474709,32.487143,27.088666,27.342145,33.368912,33.449232
RUN-006,segnext-l,sanitized,1,frequency,low,227,13.081626,11.820883,17.503912,13.965920,12.811000,18.510661,31.893663
RUN-006,segnext-l,sanitized,1,frequency,mid,450,19.156890,18.708345,24.770658,20.091468,19.716191,25.808765,30.743114
RUN-007,segnext-l,sanitized,2,overall,all,1557,39.211073,36.501876,41.544937,39.664646,36.982390,41.979703,33.500475
RUN-007,segnext-l,sanitized,2,size,high,525,38.955673,35.758027,43.945649,39.381222,36.245002,44.373569,31.635849
RUN-007,segnext-l,sanitized,2,size,low,504,26.503426,24.084124,30.192262,27.181847,24.831162,30.906215,35.474912
RUN-007,segnext-l,sanitized,2,size,mid,528,41.070799,36.652426,43.167705,41.548934,37.191397,43.657685,34.840427
RUN-007,segnext-l,sanitized,2,chr,high,536,38.547262,35.839163,44.123425,39.038879,36.387913,44.612258,33.935636
RUN-007,segnext-l,sanitized,2,chr,low,503,27.693406,24.629261,30.815046,28.371291,25.380017,31.526292,34.833603
RUN-007,segnext-l,sanitized,2,chr,mid,518,37.496345,34.028922,40.917430,37.972222,34.579370,41.403936,32.120556
RUN-007,segnext-l,sanitized,2,edge,edge,762,38.273011,35.419880,41.365502,38.710846,35.892483,41.802138,33.909058
RUN-007,segnext-l,sanitized,2,edge,interior,795,35.989675,32.799474,39.130743,36.505525,33.356676,39.643130,32.822274
RUN-007,segnext-l,sanitized,2,frequency,high,880,26.477490,26.706743,32.959948,27.284816,27.548546,33.833197,34.111979
RUN-007,segnext-l,sanitized,2,frequency,low,227,12.563311,11.460063,16.425550,13.431725,12.435038,17.405207,33.026009
RUN-007,segnext-l,sanitized,2,frequency,mid,450,21.147884,20.352256,26.157376,22.070624,21.340180,27.162877,32.315642
RUN-008,segnext-l,sizectrl,0,overall,all,1557,41.900671,38.778407,44.177305,42.331634,39.235364,44.595411,33.808311
RUN-008,segnext-l,sizectrl,0,size,high,525,44.558826,39.923122,47.795109,44.938634,40.376231,48.175819,32.373817
RUN-008,segnext-l,sizectrl,0,size,low,504,28.220305,25.287304,31.627407,28.891056,26.036952,32.317430,35.909285
RUN-008,segnext-l,sizectrl,0,size,mid,528,43.212169,38.125517,45.101245,43.682479,38.663926,45.568003,34.520137
RUN-008,segnext-l,sizectrl,0,chr,high,536,44.234153,40.450732,48.865462,44.702958,40.984361,49.319358,35.708636
RUN-008,segnext-l,sizectrl,0,chr,low,503,27.491656,24.392455,30.474300,28.164069,25.139057,31.166402,34.346954
RUN-008,segnext-l,sizectrl,0,chr,mid,518,38.718167,34.912468,42.434130,39.182061,35.439965,42.897609,32.109682
RUN-008,segnext-l,sizectrl,0,edge,edge,762,42.220552,38.051028,44.705697,42.625693,38.508006,45.108202,34.160698
RUN-008,segnext-l,sizectrl,0,edge,interior,795,37.445751,33.898958,40.137130,37.957110,34.446589,40.634251,33.222671
RUN-008,segnext-l,sizectrl,0,frequency,high,880,26.391473,26.725577,32.706167,27.193908,27.580635,33.568121,34.610160
RUN-008,segnext-l,sizectrl,0,frequency,low,227,15.605855,13.944693,19.859920,16.478180,14.937604,20.830519,32.769454
RUN-008,segnext-l,sizectrl,0,frequency,mid,450,19.834699,19.426512,25.145429,20.709898,20.363188,26.117099,32.498173
RUN-009,segnext-l,sizectrl,1,overall,all,1557,39.354615,36.629642,41.909353,39.808571,37.101671,42.345198,32.930621
RUN-009,segnext-l,sizectrl,1,size,high,525,39.516490,36.330738,44.075410,39.943240,36.817169,44.497331,30.557201
RUN-009,segnext-l,sizectrl,1,size,low,504,29.782218,26.552138,33.329173,30.422984,27.271289,34.009920,36.599781
RUN-009,segnext-l,sizectrl,1,size,mid,528,41.197791,36.696403,43.492623,41.672499,37.236645,43.981504,34.088018
RUN-009,segnext-l,sizectrl,1,chr,high,536,41.400691,38.340527,46.986347,41.885674,38.869138,47.459661,32.854940
RUN-009,segnext-l,sizectrl,1,chr,low,503,26.819105,23.986376,30.317217,27.494362,24.731937,31.015672,34.126135
RUN-009,segnext-l,sizectrl,1,chr,mid,518,36.323914,32.832844,39.985193,36.798757,33.373819,40.464053,32.022635
RUN-009,segnext-l,sizectrl,1,edge,edge,762,39.424598,36.063761,42.646860,39.857830,36.541863,43.074842,33.057786
RUN-009,segnext-l,sizectrl,1,edge,interior,795,35.540809,32.277675,38.744202,36.071814,32.848235,39.256663,32.713316
RUN-009,segnext-l,sizectrl,1,frequency,high,880,24.827702,25.640099,31.616807,25.601413,26.450631,32.473194,33.768118
RUN-009,segnext-l,sizectrl,1,frequency,low,227,14.146965,12.555447,19.019032,15.015486,13.545072,20.012671,31.928850
RUN-009,segnext-l,sizectrl,1,frequency,mid,450,18.905980,19.006290,24.655941,19.823731,20.004842,25.684627,31.469609
RUN-010,segnext-l,sizectrl,2,overall,all,1557,39.774125,37.045917,42.414782,40.219363,37.512426,42.843377,33.983137
RUN-010,segnext-l,sizectrl,2,size,high,525,42.700529,38.459649,46.827073,43.095431,38.930307,47.219364,32.299518
RUN-010,segnext-l,sizectrl,2,size,low,504,28.384422,25.569338,31.846684,29.059984,26.321792,32.554340,36.514014
RUN-010,segnext-l,sizectrl,2,size,mid,528,39.756341,35.400274,42.229313,40.239860,35.943046,42.726892,34.758150
RUN-010,segnext-l,sizectrl,2,chr,high,536,41.118766,38.265740,46.474538,41.596986,38.799121,46.943976,35.334550
RUN-010,segnext-l,sizectrl,2,chr,low,503,25.237412,23.076120,28.771395,25.938184,23.839006,29.503517,35.238799
RUN-010,segnext-l,sizectrl,2,chr,mid,518,36.266457,33.408931,40.397684,36.738722,33.947646,40.874060,32.058657
RUN-010,segnext-l,sizectrl,2,edge,edge,762,38.862848,35.831139,42.383938,39.290864,36.311284,42.813390,34.299306
RUN-010,segnext-l,sizectrl,2,edge,interior,795,36.751975,33.232153,39.721030,37.266742,33.791025,40.222803,33.453481
RUN-010,segnext-l,sizectrl,2,frequency,high,880,23.642983,24.105723,29.682088,24.393572,24.896350,30.505788,34.525376
RUN-010,segnext-l,sizectrl,2,frequency,low,227,15.035900,13.512851,19.991504,15.926836,14.537006,21.020744,33.505272
RUN-010,segnext-l,sizectrl,2,frequency,mid,450,19.466212,18.941973,24.246464,20.379022,19.911479,25.232471,33.003044
RUN-011,deeplabv3plus-r101,default,0,overall,all,1557,31.651149,28.995516,33.664289,32.139294,29.512496,34.142589,23.865104
RUN-011,deeplabv3plus-r101,default,0,size,high,525,35.303308,32.105235,39.279446,35.685327,32.532514,39.653135,22.511033
RUN-011,deeplabv3plus-r101,default,0,size,low,504,17.346234,15.190169,19.431243,18.097006,16.015755,20.233850,25.934725
RUN-011,deeplabv3plus-r101,default,0,size,mid,528,29.953227,25.815150,32.050760,30.503163,26.425462,32.609603,24.618562
RUN-011,deeplabv3plus-r101,default,0,chr,high,536,35.751517,32.645461,39.995962,36.241539,33.194280,40.488933,24.254528
RUN-011,deeplabv3plus-r101,default,0,chr,low,503,17.294731,14.930292,19.671791,18.030527,15.732892,20.442157,25.198719
RUN-011,deeplabv3plus-r101,default,0,chr,mid,518,26.438811,23.679401,29.842728,26.955410,24.246464,30.367881,22.578375
RUN-011,deeplabv3plus-r101,default,0,edge,edge,762,29.816175,27.768166,33.393288,30.267389,28.253079,33.851269,24.287961
RUN-011,deeplabv3plus-r101,default,0,edge,interior,795,28.206972,24.498336,29.801273,28.785799,25.115470,30.380733,23.144282
RUN-011,deeplabv3plus-r101,default,0,frequency,high,880,20.431109,20.517461,24.976459,21.179773,21.302812,25.784730,23.976979
RUN-011,deeplabv3plus-r101,default,0,frequency,low,227,8.525201,7.237244,11.370292,9.412406,8.228795,12.380217,23.324678
RUN-011,deeplabv3plus-r101,default,0,frequency,mid,450,17.409400,15.984964,20.977142,18.286877,16.938607,21.908832,23.856636
RUN-012,deeplabv3plus-r101,sanitized,0,overall,all,1557,30.245493,27.790129,32.439525,30.747193,28.312538,32.928117,23.457634
RUN-012,deeplabv3plus-r101,sanitized,0,size,high,525,34.251091,31.593708,39.178269,34.657675,32.036499,39.559954,21.880085
RUN-012,deeplabv3plus-r101,sanitized,0,size,low,504,17.690058,15.197380,19.414463,18.449195,16.005523,20.204923,24.993345
RUN-012,deeplabv3plus-r101,sanitized,0,size,mid,528,28.936523,25.355161,31.280090,29.497428,25.969056,31.865586,24.739175
RUN-012,deeplabv3plus-r101,sanitized,0,chr,high,536,33.891886,30.549558,37.983270,34.382819,31.091237,38.463556,23.300335
RUN-012,deeplabv3plus-r101,sanitized,0,chr,low,503,19.061367,16.397968,21.186811,19.823432,17.228058,21.980949,25.289918
RUN-012,deeplabv3plus-r101,sanitized,0,chr,mid,518,27.976085,24.432439,30.465513,28.507928,25.018926,31.000374,22.162964
RUN-012,deeplabv3plus-r101,sanitized,0,edge,edge,762,28.855219,26.939813,33.105259,29.326209,27.437336,33.564704,23.726939
RUN-012,deeplabv3plus-r101,sanitized,0,edge,interior,795,28.406757,24.810793,30.022461,28.981575,25.419207,30.594346,23.007754
RUN-012,deeplabv3plus-r101,sanitized,0,frequency,high,880,19.059064,18.921071,23.221543,19.836311,19.751713,24.054528,23.547617
RUN-012,deeplabv3plus-r101,sanitized,0,frequency,low,227,7.984565,6.852880,10.880920,8.829840,7.808470,11.867576,23.622662
RUN-012,deeplabv3plus-r101,sanitized,0,frequency,mid,450,16.089216,15.316350,19.882616,16.946458,16.240856,20.828996,23.179051
RUN-013,deeplabv3plus-r101,sizectrl,0,overall,all,1557,30.877226,28.506312,33.258329,31.369995,29.020956,33.744950,24.223077
RUN-013,deeplabv3plus-r101,sizectrl,0,size,high,525,32.930892,30.328130,38.069993,33.326755,30.779848,38.443153,22.435544
RUN-013,deeplabv3plus-r101,sizectrl,0,size,low,504,18.015616,15.296124,20.215516,18.770509,16.118125,20.999585,24.611762
RUN-013,deeplabv3plus-r101,sizectrl,0,size,mid,528,30.602278,26.636517,33.005261,31.141519,27.238363,33.556112,26.211776
RUN-013,deeplabv3plus-r101,sizectrl,0,chr,high,536,32.988779,30.078018,37.429737,33.484804,30.617843,37.919502,24.422656
RUN-013,deeplabv3plus-r101,sizectrl,0,chr,low,503,19.138454,16.018324,21.270085,19.870333,16.818354,22.039202,25.646072
RUN-013,deeplabv3plus-r101,sizectrl,0,chr,mid,518,27.749844,24.845721,31.057168,28.265649,25.405864,31.590837,22.959925
RUN-013,deeplabv3plus-r101,sizectrl,0,edge,edge,762,29.883511,27.806970,33.611389,30.338285,28.297442,34.062887,24.699270
RUN-013,deeplabv3plus-r101,sizectrl,0,edge,interior,795,29.561413,25.508626,31.157552,30.122067,26.115017,31.721953,23.435840
RUN-013,deeplabv3plus-r101,sizectrl,0,frequency,high,880,22.078493,21.767648,26.563104,22.848883,22.579910,27.388968,24.441535
RUN-013,deeplabv3plus-r101,sizectrl,0,frequency,low,227,8.807039,7.457920,11.789090,9.688287,8.444262,12.799444,22.622643
RUN-013,deeplabv3plus-r101,sizectrl,0,frequency,mid,450,14.914738,14.281856,18.827510,15.773495,15.197303,19.769520,24.483085
